{
  "Presenter": {
    "Columns": [], 
    "HasGraph": true, 
    "HasTable": true, 
    "Query": {
      "Algorithms": [
        "JavaSort", 
        "$0"
      ], 
      "ComputerID": "", 
      "Count": "0", 
      "Filter": [
        ""
      ], 
      "GroupBy": [
        "N"
      ], 
      "Indicators": [
        "*EM"
      ], 
      "Parameters": [
        "N"
      ], 
      "SortBy": [
        ""
      ], 
      "TestSets": [
        "TestSet2"
      ]
    }, 
    "ShortTitle": "st_maPresenter1", 
    "Title": "Time complexity compared to fast JavaSort algorithm ", 
    "categoryLabels": false, 
    "graphType": "line", 
    "gridX": true, 
    "gridY": true, 
    "hasGraph": true, 
    "hasTable": true, 
    "logScale": false, 
    "manData": {}, 
    "name": "maPresenter1", 
    "subchart": false, 
    "xAxis": "N", 
    "xAxisTitle": "N", 
    "yAxes": [
      "*.Tmin"
    ], 
    "yAxisTitle": "Time (ms)", 
    "zoom": true
  }
}