{"Presenter": {
  "Author":"tomaz",
  "Date":"January 2024",

  "Date": "12/12/2024, 13:32",
  "Title": "All results",
  "ShortTitle": "all",
  "Description": "",
  "Query": {
    "Algorithms": ["*"],
    "Count": false,
    "Filter": [],
    "GroupBy": ["N"],
    "Indicators": ["*EM"],
    "Parameters": ["N"],
    "SortBy": [],
    "TestSets": ["*"]
  },
  "Layout": [["Graph_1"]],
  "Descripotion": "Results of all testsets",
  "Graph_1": {
    "xAxis": "N",
    "yAxes": ["*.Tmin"],
    "graphTypes": "",
    "xAxisTitle": "",
    "yAxisTitle": "",
    "categoryLabels": false,
    "gridX": false,
    "gridY": false,
    "logScale": false,
    "manData": {},
    "subchart": false,
    "zoom": false
  }
}}
