{"Presenter": {
  "Name": "mpPresenter4",
  "Title": " Minimal time of execution for the fast algorithms on TestSet2 ",
  "ShortTitle": "TS2",
  "Description": "",
  "Query": {
    "Algorithms": [
      "JavaSort",
      "QuickSort"
    ],
    "ComputerID": "F0.C0",
    "Count": false,
    "Filter": [],
    "GroupBy": ["N"],
    "Indicators": ["*EM"],
    "Parameters": ["N"],
    "SortBy": [],
    "TestSets": ["TestSet2"]
  },
  "Layout": [[
    "TextBox_1",
    "Table_1",
    "Graph_1"
  ]],
  "Descripotion": " Minimum time of execution for the fast algorithms on TestSet2 ",
  "Graph_1": {
    "xAxis": "N",
    "yAxes": ["*.Tmin"],
    "graphTypes": "",
    "xAxisTitle": "",
    "yAxisTitle": "",
    "categoryLabels": false,
    "gridX": false,
    "gridY": false,
    "logScale": false,
    "manData": {},
    "subchart": false,
    "zoom": false
  },
  "TextBox_1": {"htmltext": "<div class=\"col-md-12\" id=\"htmlpresenter2\">In this graph, there are presented the results for the fast algorithms \r\non the TestSet2.  The JavaSort and the QuickSort behave similar but the \r\nformer looks to be about 2 times faster than the latest.&nbsp;<\/div>"},
  "Table_1": {"Columns": [
    "*.Tmin",
    "N"
  ]}
}}
