{"Presenter": {
  "Name": "mpPresenter3",
  "Title": " Minimal time of execution ",
  "ShortTitle": "TS2",
  "Description": "",
  "Query": {
    "Algorithms": ["*"],
    "ComputerID": "F0.C0",
    "Count": false,
    "Filter": [],
    "GroupBy": ["N"],
    "Indicators": ["*EM"],
    "Parameters": ["N"],
    "SortBy": [],
    "TestSets": ["TestSet2"]
  },
  "Layout": [["Graph_1"]],
  "Graph_1": {
    "xAxis": "N",
    "yAxes": ["*.Tmin"],
    "graphTypes": "",
    "xAxisTitle": "",
    "yAxisTitle": "",
    "categoryLabels": false,
    "gridX": false,
    "gridY": false,
    "logScale": false,
    "manData": {},
    "subchart": false,
    "zoom": false
  }
}}
