{"Presenter":
  { 
    "Title"       : "Minimum time of execution for all the algorithms",
    "ShortTitle"  : "Tmin",
    "Description" : "Minimal time of execution",
    "Query"       : "query1",
    "HasGraph"    : "true",
    "Xaxis"       : "N",
    "Yaxes"       : ["*.Tmin"],
    "GraphTypes"  : "line",
    "XaxisLabel"  : "[The dimension of the input matrix (n)]",
    "YaxisLabel"  : "[Minimal time of execution (micro seconds)]",
    "HasTable"    : "true",
    "Columns"     : ["N", "*.Tmin"]
  }
}

